<?xml version="1.0" encoding="UTF-8"?>
<project-private xmlns="http://www.netbeans.org/ns/project-private/1">
    <editor-bookmarks xmlns="http://www.netbeans.org/ns/editor-bookmarks/2" lastBookmarkId="0"/>
    <open-files xmlns="http://www.netbeans.org/ns/projectui-open-files/2">
        <group>
            <file>file:/C:/xampp/htdocs/facefly/app/Http/Controllers/LoginController.php</file>
            <file>file:/C:/xampp/htdocs/facefly/app/Model/Register.php</file>
            <file>file:/C:/xampp/htdocs/facefly/resources/views/register.blade.php</file>
            <file>file:/C:/xampp/htdocs/facefly/app/Model/Login.php</file>
            <file>file:/C:/xampp/htdocs/facefly/app/Http/Controllers/UpdateController.php</file>
            <file>file:/C:/xampp/htdocs/facefly/resources/views/index.blade.php</file>
            <file>file:/C:/xampp/htdocs/facefly/resources/views/update.blade.php</file>
            <file>file:/C:/xampp/htdocs/facefly/resources/views/login.blade.php</file>
            <file>file:/C:/xampp/htdocs/facefly/public/template/assets/validateSearch.js</file>
        </group>
    </open-files>
</project-private>
